Número de Ordem;Índice de Frequência;Quantidade de CNPJs Completos;CNAE;Vigencia
1;0;3236;80.11-1/01;2025
1.618,50;0,6631;1;80.11-1/01;2025
1.621,54;0,8217;1;80.11-1/01;2025
1.624,58;0,9459;1;80.11-1/01;2025
1.627,62;1,0018;1;80.11-1/01;2025
1.630,66;1,0359;1;80.11-1/01;2025
1.633,70;1,0395;1;80.11-1/01;2025
1.636,75;1,0763;1;80.11-1/01;2025
1.639,79;1,0803;1;80.11-1/01;2025
1.642,83;1,1603;1;80.11-1/01;2025
1.645,87;1,2213;1;80.11-1/01;2025
1.648,91;1,2445;1;80.11-1/01;2025
1.651,95;1,2709;1;80.11-1/01;2025
1.654,99;1,2967;1;80.11-1/01;2025
1.658,03;1,3053;1;80.11-1/01;2025
1.661,07;1,3236;1;80.11-1/01;2025
1.664,11;1,3276;1;80.11-1/01;2025
1.667,16;1,3378;1;80.11-1/01;2025
1.670,20;1,3612;1;80.11-1/01;2025
1.673,24;1,3712;1;80.11-1/01;2025
1.676,28;1,3801;1;80.11-1/01;2025
1.679,32;1,412;1;80.11-1/01;2025
1.682,36;1,445;1;80.11-1/01;2025
1.685,40;1,4752;1;80.11-1/01;2025
1.688,44;1,4755;1;80.11-1/01;2025
1.691,48;1,4783;1;80.11-1/01;2025
1.694,52;1,4845;1;80.11-1/01;2025
1.697,57;1,4882;1;80.11-1/01;2025
1.700,61;1,5035;1;80.11-1/01;2025
1.703,65;1,5076;1;80.11-1/01;2025
1.706,69;1,521;1;80.11-1/01;2025
1.709,73;1,5239;1;80.11-1/01;2025
1.712,77;1,5307;1;80.11-1/01;2025
1.715,81;1,5689;1;80.11-1/01;2025
1.718,85;1,6203;1;80.11-1/01;2025
1.721,89;1,666;1;80.11-1/01;2025
1.724,93;1,6872;1;80.11-1/01;2025
1.727,98;1,6942;1;80.11-1/01;2025
1.731,02;1,6996;1;80.11-1/01;2025
1.734,06;1,8007;1;80.11-1/01;2025
1.737,10;1,8052;1;80.11-1/01;2025
1.740,14;1,8138;1;80.11-1/01;2025
1.743,18;1,8237;1;80.11-1/01;2025
1.746,22;1,8739;1;80.11-1/01;2025
1.749,26;1,8931;1;80.11-1/01;2025
1.752,30;1,9017;1;80.11-1/01;2025
1.755,34;1,9043;1;80.11-1/01;2025
1.758,39;1,9057;1;80.11-1/01;2025
1.761,43;1,974;1;80.11-1/01;2025
1.764,47;1,9999;1;80.11-1/01;2025
1.767,51;2,0291;1;80.11-1/01;2025
1.770,55;2,0656;1;80.11-1/01;2025
1.773,59;2,0792;1;80.11-1/01;2025
1.776,63;2,081;1;80.11-1/01;2025
1.779,67;2,0863;1;80.11-1/01;2025
1.782,71;2,1463;1;80.11-1/01;2025
1.785,75;2,1509;1;80.11-1/01;2025
1.788,80;2,1581;1;80.11-1/01;2025
1.791,84;2,1637;1;80.11-1/01;2025
1.794,88;2,1823;1;80.11-1/01;2025
1.797,92;2,2095;1;80.11-1/01;2025
1.800,96;2,2201;1;80.11-1/01;2025
1.804,00;2,2257;1;80.11-1/01;2025
1.807,04;2,2401;1;80.11-1/01;2025
1.810,08;2,2786;1;80.11-1/01;2025
1.813,12;2,2906;1;80.11-1/01;2025
1.816,16;2,3245;1;80.11-1/01;2025
1.819,20;2,326;1;80.11-1/01;2025
1.822,25;2,3536;1;80.11-1/01;2025
1.825,29;2,3627;1;80.11-1/01;2025
1.828,33;2,3777;1;80.11-1/01;2025
1.831,37;2,4269;1;80.11-1/01;2025
1.834,41;2,4643;1;80.11-1/01;2025
1.837,45;2,4802;1;80.11-1/01;2025
1.840,49;2,4913;1;80.11-1/01;2025
1.843,53;2,4971;1;80.11-1/01;2025
1.846,57;2,5436;1;80.11-1/01;2025
1.849,61;2,5721;1;80.11-1/01;2025
1.852,66;2,5723;1;80.11-1/01;2025
1.855,70;2,5776;1;80.11-1/01;2025
1.858,74;2,579;1;80.11-1/01;2025
1.861,78;2,5877;1;80.11-1/01;2025
1.864,82;2,6284;1;80.11-1/01;2025
1.867,86;2,6287;1;80.11-1/01;2025
1.870,90;2,6701;1;80.11-1/01;2025
1.873,94;2,6975;1;80.11-1/01;2025
1.876,98;2,7169;1;80.11-1/01;2025
1.880,02;2,7293;1;80.11-1/01;2025
1.883,07;2,736;1;80.11-1/01;2025
1.886,11;2,7379;1;80.11-1/01;2025
1.889,15;2,7621;1;80.11-1/01;2025
1.892,19;2,7749;1;80.11-1/01;2025
1.895,23;2,79;1;80.11-1/01;2025
1.898,27;2,8504;1;80.11-1/01;2025
1.901,31;2,9233;1;80.11-1/01;2025
1.904,35;2,9272;1;80.11-1/01;2025
1.907,39;2,9401;1;80.11-1/01;2025
1.910,43;2,9476;1;80.11-1/01;2025
1.913,48;2,9575;1;80.11-1/01;2025
1.916,52;2,9655;1;80.11-1/01;2025
1.919,56;2,9714;1;80.11-1/01;2025
1.922,60;2,9725;1;80.11-1/01;2025
1.925,64;2,9791;1;80.11-1/01;2025
1.928,68;3,0257;1;80.11-1/01;2025
1.931,72;3,0319;1;80.11-1/01;2025
1.934,76;3,0378;1;80.11-1/01;2025
1.937,80;3,0457;1;80.11-1/01;2025
1.940,84;3,0684;1;80.11-1/01;2025
1.943,89;3,11;1;80.11-1/01;2025
1.946,93;3,1287;1;80.11-1/01;2025
1.949,97;3,1307;1;80.11-1/01;2025
1.953,01;3,1364;1;80.11-1/01;2025
1.956,05;3,1389;1;80.11-1/01;2025
1.959,09;3,1615;1;80.11-1/01;2025
1.962,13;3,239;1;80.11-1/01;2025
1.965,17;3,2606;1;80.11-1/01;2025
1.968,21;3,2671;1;80.11-1/01;2025
1.971,25;3,2742;1;80.11-1/01;2025
1.974,30;3,2765;1;80.11-1/01;2025
1.977,34;3,3132;1;80.11-1/01;2025
1.980,38;3,3255;1;80.11-1/01;2025
1.983,42;3,3679;1;80.11-1/01;2025
1.986,46;3,3746;1;80.11-1/01;2025
1.989,50;3,3755;1;80.11-1/01;2025
1.992,54;3,3866;1;80.11-1/01;2025
1.995,58;3,3939;1;80.11-1/01;2025
1.998,62;3,416;1;80.11-1/01;2025
2.001,66;3,4346;1;80.11-1/01;2025
2.004,70;3,4834;1;80.11-1/01;2025
2.007,75;3,486;1;80.11-1/01;2025
2.010,79;3,4909;1;80.11-1/01;2025
2.013,83;3,516;1;80.11-1/01;2025
2.016,87;3,5164;1;80.11-1/01;2025
2.019,91;3,5173;1;80.11-1/01;2025
2.022,95;3,5187;1;80.11-1/01;2025
2.025,99;3,5471;1;80.11-1/01;2025
2.029,03;3,5478;1;80.11-1/01;2025
2.032,07;3,5516;1;80.11-1/01;2025
2.035,11;3,5907;1;80.11-1/01;2025
2.038,16;3,5993;1;80.11-1/01;2025
2.041,20;3,605;1;80.11-1/01;2025
2.044,24;3,6194;1;80.11-1/01;2025
2.047,28;3,6331;1;80.11-1/01;2025
2.050,32;3,6595;1;80.11-1/01;2025
2.053,36;3,6645;1;80.11-1/01;2025
2.056,40;3,6661;1;80.11-1/01;2025
2.059,44;3,6762;1;80.11-1/01;2025
2.062,48;3,6844;1;80.11-1/01;2025
2.065,52;3,7007;1;80.11-1/01;2025
2.068,57;3,704;1;80.11-1/01;2025
2.071,61;3,71;1;80.11-1/01;2025
2.074,65;3,7171;1;80.11-1/01;2025
2.077,69;3,7286;1;80.11-1/01;2025
2.080,73;3,7361;1;80.11-1/01;2025
2.083,77;3,7401;1;80.11-1/01;2025
2.086,81;3,7447;1;80.11-1/01;2025
2.089,85;3,7462;1;80.11-1/01;2025
2.092,89;3,7488;1;80.11-1/01;2025
2.095,93;3,7681;1;80.11-1/01;2025
2.098,98;3,8223;1;80.11-1/01;2025
2.102,02;3,8406;1;80.11-1/01;2025
2.105,06;3,8449;1;80.11-1/01;2025
2.108,10;3,8709;1;80.11-1/01;2025
2.111,14;3,9063;1;80.11-1/01;2025
2.114,18;3,9082;1;80.11-1/01;2025
2.117,22;3,9142;1;80.11-1/01;2025
2.120,26;3,9781;1;80.11-1/01;2025
2.123,30;3,9892;1;80.11-1/01;2025
2.126,34;4,0167;1;80.11-1/01;2025
2.129,39;4,0184;1;80.11-1/01;2025
2.132,43;4,0582;1;80.11-1/01;2025
2.135,47;4,0797;1;80.11-1/01;2025
2.138,51;4,0928;1;80.11-1/01;2025
2.141,55;4,0951;1;80.11-1/01;2025
2.144,59;4,1103;1;80.11-1/01;2025
2.147,63;4,115;1;80.11-1/01;2025
2.150,67;4,1408;1;80.11-1/01;2025
2.153,71;4,1511;1;80.11-1/01;2025
2.156,75;4,1609;1;80.11-1/01;2025
2.159,80;4,1973;1;80.11-1/01;2025
2.162,84;4,1987;1;80.11-1/01;2025
2.165,88;4,2343;1;80.11-1/01;2025
2.168,92;4,2724;1;80.11-1/01;2025
2.171,96;4,288;1;80.11-1/01;2025
2.175,00;4,3189;1;80.11-1/01;2025
2.178,04;4,3264;1;80.11-1/01;2025
2.181,08;4,3461;1;80.11-1/01;2025
2.184,12;4,3535;1;80.11-1/01;2025
2.187,16;4,356;1;80.11-1/01;2025
2.190,20;4,3621;1;80.11-1/01;2025
2.193,25;4,3684;1;80.11-1/01;2025
2.196,29;4,374;1;80.11-1/01;2025
2.199,33;4,4207;1;80.11-1/01;2025
2.202,37;4,4223;1;80.11-1/01;2025
2.205,41;4,4373;1;80.11-1/01;2025
2.208,45;4,4473;1;80.11-1/01;2025
2.211,49;4,4639;1;80.11-1/01;2025
2.214,53;4,533;1;80.11-1/01;2025
2.217,57;4,5472;1;80.11-1/01;2025
2.220,61;4,5755;1;80.11-1/01;2025
2.223,66;4,5842;1;80.11-1/01;2025
2.226,70;4,6021;1;80.11-1/01;2025
2.229,74;4,6053;1;80.11-1/01;2025
2.232,78;4,6085;1;80.11-1/01;2025
2.235,82;4,611;1;80.11-1/01;2025
2.238,86;4,6235;1;80.11-1/01;2025
2.241,90;4,6247;1;80.11-1/01;2025
2.244,94;4,6254;1;80.11-1/01;2025
2.247,98;4,627;1;80.11-1/01;2025
2.251,02;4,6284;1;80.11-1/01;2025
2.254,07;4,6292;1;80.11-1/01;2025
2.257,11;4,6584;1;80.11-1/01;2025
2.260,15;4,7188;1;80.11-1/01;2025
2.263,19;4,7207;1;80.11-1/01;2025
2.266,23;4,7244;1;80.11-1/01;2025
2.269,27;4,7356;1;80.11-1/01;2025
2.272,31;4,7387;1;80.11-1/01;2025
2.275,35;4,7537;1;80.11-1/01;2025
2.278,39;4,7558;1;80.11-1/01;2025
2.281,43;4,79;1;80.11-1/01;2025
2.284,48;4,8394;1;80.11-1/01;2025
2.287,52;4,8458;1;80.11-1/01;2025
2.290,56;4,8504;1;80.11-1/01;2025
2.293,60;4,8549;1;80.11-1/01;2025
2.296,64;4,8642;1;80.11-1/01;2025
2.299,68;4,8703;1;80.11-1/01;2025
2.302,72;4,8708;1;80.11-1/01;2025
2.305,76;4,8711;1;80.11-1/01;2025
2.308,80;4,9065;1;80.11-1/01;2025
2.311,84;4,9258;1;80.11-1/01;2025
2.314,89;4,9551;1;80.11-1/01;2025
2.317,93;5,0292;1;80.11-1/01;2025
2.320,97;5,0297;1;80.11-1/01;2025
2.324,01;5,0304;1;80.11-1/01;2025
2.327,05;5,0388;1;80.11-1/01;2025
2.330,09;5,064;1;80.11-1/01;2025
2.333,13;5,0657;1;80.11-1/01;2025
2.336,17;5,0772;1;80.11-1/01;2025
2.339,21;5,0794;1;80.11-1/01;2025
2.342,25;5,0826;1;80.11-1/01;2025
2.345,30;5,0837;1;80.11-1/01;2025
2.348,34;5,1129;1;80.11-1/01;2025
2.351,38;5,1184;1;80.11-1/01;2025
2.354,42;5,1195;1;80.11-1/01;2025
2.357,46;5,1216;1;80.11-1/01;2025
2.360,50;5,1265;1;80.11-1/01;2025
2.363,54;5,1271;1;80.11-1/01;2025
2.366,58;5,1337;1;80.11-1/01;2025
2.369,62;5,148;1;80.11-1/01;2025
2.372,66;5,1569;1;80.11-1/01;2025
2.375,70;5,1702;1;80.11-1/01;2025
2.378,75;5,178;1;80.11-1/01;2025
2.381,79;5,2083;1;80.11-1/01;2025
2.384,83;5,2225;1;80.11-1/01;2025
2.387,87;5,2603;1;80.11-1/01;2025
2.390,91;5,2968;1;80.11-1/01;2025
2.393,95;5,3061;1;80.11-1/01;2025
2.396,99;5,3381;1;80.11-1/01;2025
2.400,03;5,339;1;80.11-1/01;2025
2.403,07;5,3592;1;80.11-1/01;2025
2.406,11;5,3607;1;80.11-1/01;2025
2.409,16;5,3751;1;80.11-1/01;2025
2.412,20;5,387;1;80.11-1/01;2025
2.415,24;5,392;1;80.11-1/01;2025
2.418,28;5,3993;1;80.11-1/01;2025
2.421,32;5,4663;1;80.11-1/01;2025
2.424,36;5,4798;1;80.11-1/01;2025
2.427,40;5,5075;1;80.11-1/01;2025
2.430,44;5,5085;1;80.11-1/01;2025
2.433,48;5,5338;1;80.11-1/01;2025
2.436,52;5,5479;2;80.11-1/01;2025
2.442,61;5,5638;1;80.11-1/01;2025
2.445,65;5,5691;1;80.11-1/01;2025
2.448,69;5,5918;1;80.11-1/01;2025
2.451,73;5,6062;1;80.11-1/01;2025
2.454,77;5,6304;1;80.11-1/01;2025
2.457,81;5,6448;1;80.11-1/01;2025
2.460,85;5,6652;1;80.11-1/01;2025
2.463,89;5,6884;1;80.11-1/01;2025
2.466,93;5,759;1;80.11-1/01;2025
2.469,98;5,7728;1;80.11-1/01;2025
2.473,02;5,7776;1;80.11-1/01;2025
2.476,06;5,7938;1;80.11-1/01;2025
2.479,10;5,8059;1;80.11-1/01;2025
2.482,14;5,8537;1;80.11-1/01;2025
2.485,18;5,8551;1;80.11-1/01;2025
2.488,22;5,8643;1;80.11-1/01;2025
2.491,26;5,8665;1;80.11-1/01;2025
2.494,30;5,9194;1;80.11-1/01;2025
2.497,34;5,9394;1;80.11-1/01;2025
2.500,39;5,9475;1;80.11-1/01;2025
2.503,43;5,948;1;80.11-1/01;2025
2.506,47;5,9701;1;80.11-1/01;2025
2.509,51;5,9806;1;80.11-1/01;2025
2.512,55;5,9849;1;80.11-1/01;2025
2.515,59;5,997;1;80.11-1/01;2025
2.518,63;6,0049;1;80.11-1/01;2025
2.521,67;6,015;1;80.11-1/01;2025
2.524,71;6,0332;1;80.11-1/01;2025
2.527,75;6,0393;1;80.11-1/01;2025
2.530,80;6,0553;1;80.11-1/01;2025
2.533,84;6,0829;1;80.11-1/01;2025
2.536,88;6,0945;1;80.11-1/01;2025
2.539,92;6,1038;1;80.11-1/01;2025
2.542,96;6,1267;1;80.11-1/01;2025
2.546,00;6,1303;1;80.11-1/01;2025
2.549,04;6,1537;1;80.11-1/01;2025
2.552,08;6,157;1;80.11-1/01;2025
2.555,12;6,166;1;80.11-1/01;2025
2.558,16;6,1846;1;80.11-1/01;2025
2.561,20;6,2192;1;80.11-1/01;2025
2.564,25;6,233;1;80.11-1/01;2025
2.567,29;6,2399;1;80.11-1/01;2025
2.570,33;6,2402;1;80.11-1/01;2025
2.573,37;6,2666;1;80.11-1/01;2025
2.576,41;6,3408;1;80.11-1/01;2025
2.579,45;6,3458;1;80.11-1/01;2025
2.582,49;6,3517;1;80.11-1/01;2025
2.585,53;6,3542;1;80.11-1/01;2025
2.588,57;6,4154;1;80.11-1/01;2025
2.591,61;6,4167;1;80.11-1/01;2025
2.594,66;6,4447;1;80.11-1/01;2025
2.597,70;6,4533;1;80.11-1/01;2025
2.600,74;6,4865;1;80.11-1/01;2025
2.603,78;6,5023;1;80.11-1/01;2025
2.606,82;6,5023;1;80.11-1/01;2025
2.609,86;6,5049;1;80.11-1/01;2025
2.612,90;6,5167;1;80.11-1/01;2025
2.615,94;6,5817;1;80.11-1/01;2025
2.618,98;6,6302;1;80.11-1/01;2025
2.622,02;6,6459;1;80.11-1/01;2025
2.625,07;6,651;1;80.11-1/01;2025
2.628,11;6,6667;1;80.11-1/01;2025
2.631,15;6,6759;1;80.11-1/01;2025
2.634,19;6,6797;1;80.11-1/01;2025
2.637,23;6,708;1;80.11-1/01;2025
2.640,27;6,7095;1;80.11-1/01;2025
2.643,31;6,717;1;80.11-1/01;2025
2.646,35;6,7701;1;80.11-1/01;2025
2.649,39;6,7765;1;80.11-1/01;2025
2.652,43;6,9098;1;80.11-1/01;2025
2.655,48;6,9279;1;80.11-1/01;2025
2.658,52;6,9666;1;80.11-1/01;2025
2.661,56;6,9717;1;80.11-1/01;2025
2.664,60;6,9747;1;80.11-1/01;2025
2.667,64;6,9971;1;80.11-1/01;2025
2.670,68;6,9991;1;80.11-1/01;2025
2.673,72;7,0288;1;80.11-1/01;2025
2.676,76;7,0361;1;80.11-1/01;2025
2.679,80;7,0505;1;80.11-1/01;2025
2.682,84;7,0584;1;80.11-1/01;2025
2.685,89;7,068;1;80.11-1/01;2025
2.688,93;7,0776;1;80.11-1/01;2025
2.691,97;7,1413;1;80.11-1/01;2025
2.695,01;7,1514;1;80.11-1/01;2025
2.698,05;7,242;1;80.11-1/01;2025
2.701,09;7,261;1;80.11-1/01;2025
2.704,13;7,3171;1;80.11-1/01;2025
2.707,17;7,3473;1;80.11-1/01;2025
2.710,21;7,3823;1;80.11-1/01;2025
2.713,25;7,4303;1;80.11-1/01;2025
2.716,30;7,4906;1;80.11-1/01;2025
2.719,34;7,4959;1;80.11-1/01;2025
2.722,38;7,5282;2;80.11-1/01;2025
2.728,46;7,5567;1;80.11-1/01;2025
2.731,50;7,5924;1;80.11-1/01;2025
2.734,54;7,5997;1;80.11-1/01;2025
2.737,58;7,6384;1;80.11-1/01;2025
2.740,62;7,6555;1;80.11-1/01;2025
2.743,66;7,6677;1;80.11-1/01;2025
2.746,70;7,7022;1;80.11-1/01;2025
2.749,75;7,7162;1;80.11-1/01;2025
2.752,79;7,7419;1;80.11-1/01;2025
2.755,83;7,7532;1;80.11-1/01;2025
2.758,87;7,7947;1;80.11-1/01;2025
2.761,91;7,8074;1;80.11-1/01;2025
2.764,95;7,8176;1;80.11-1/01;2025
2.767,99;7,8265;1;80.11-1/01;2025
2.771,03;7,838;1;80.11-1/01;2025
2.774,07;7,8534;1;80.11-1/01;2025
2.777,11;7,88;1;80.11-1/01;2025
2.780,16;7,8965;1;80.11-1/01;2025
2.783,20;7,9117;1;80.11-1/01;2025
2.786,24;7,9286;1;80.11-1/01;2025
2.789,28;7,9391;1;80.11-1/01;2025
2.792,32;7,9418;1;80.11-1/01;2025
2.795,36;7,9867;1;80.11-1/01;2025
2.798,40;8,016;1;80.11-1/01;2025
2.801,44;8,1647;1;80.11-1/01;2025
2.804,48;8,1869;1;80.11-1/01;2025
2.807,52;8,2136;1;80.11-1/01;2025
2.810,57;8,2418;1;80.11-1/01;2025
2.813,61;8,2988;1;80.11-1/01;2025
2.816,65;8,3636;1;80.11-1/01;2025
2.819,69;8,3818;1;80.11-1/01;2025
2.822,73;8,3945;1;80.11-1/01;2025
2.825,77;8,4034;1;80.11-1/01;2025
2.828,81;8,4181;1;80.11-1/01;2025
2.831,85;8,4228;1;80.11-1/01;2025
2.834,89;8,4507;1;80.11-1/01;2025
2.837,93;8,4656;1;80.11-1/01;2025
2.840,98;8,4708;1;80.11-1/01;2025
2.844,02;8,5046;1;80.11-1/01;2025
2.847,06;8,5623;1;80.11-1/01;2025
2.850,10;8,6138;1;80.11-1/01;2025
2.853,14;8,6238;1;80.11-1/01;2025
2.856,18;8,6894;1;80.11-1/01;2025
2.859,22;8,7336;1;80.11-1/01;2025
2.862,26;8,7559;1;80.11-1/01;2025
2.865,30;8,7591;1;80.11-1/01;2025
2.868,34;8,7671;1;80.11-1/01;2025
2.871,39;8,7687;1;80.11-1/01;2025
2.874,43;8,85;1;80.11-1/01;2025
2.877,47;8,8823;1;80.11-1/01;2025
2.880,51;8,8988;1;80.11-1/01;2025
2.883,55;8,9319;1;80.11-1/01;2025
2.886,59;9,0124;1;80.11-1/01;2025
2.889,63;9,0158;1;80.11-1/01;2025
2.892,67;9,0192;1;80.11-1/01;2025
2.895,71;9,0505;1;80.11-1/01;2025
2.898,75;9,1394;1;80.11-1/01;2025
2.901,80;9,1708;1;80.11-1/01;2025
2.904,84;9,1831;1;80.11-1/01;2025
2.907,88;9,1919;1;80.11-1/01;2025
2.910,92;9,2379;1;80.11-1/01;2025
2.913,96;9,2521;1;80.11-1/01;2025
2.917,00;9,3422;1;80.11-1/01;2025
2.920,04;9,3549;1;80.11-1/01;2025
2.923,08;9,3787;1;80.11-1/01;2025
2.926,12;9,4303;1;80.11-1/01;2025
2.929,16;9,4451;2;80.11-1/01;2025
2.935,25;9,4563;1;80.11-1/01;2025
2.938,29;9,4912;1;80.11-1/01;2025
2.941,33;9,52;1;80.11-1/01;2025
2.944,37;9,539;1;80.11-1/01;2025
2.947,41;9,5503;1;80.11-1/01;2025
2.950,45;9,5618;1;80.11-1/01;2025
2.953,49;9,5789;1;80.11-1/01;2025
2.956,53;9,5808;1;80.11-1/01;2025
2.959,57;9,5984;1;80.11-1/01;2025
2.962,61;9,6038;1;80.11-1/01;2025
2.965,66;9,6167;1;80.11-1/01;2025
2.968,70;9,6657;1;80.11-1/01;2025
2.971,74;9,6774;1;80.11-1/01;2025
2.974,78;9,7363;1;80.11-1/01;2025
2.977,82;9,7403;1;80.11-1/01;2025
2.980,86;9,7839;1;80.11-1/01;2025
2.983,90;9,8039;1;80.11-1/01;2025
2.986,94;9,8321;1;80.11-1/01;2025
2.989,98;9,8371;1;80.11-1/01;2025
2.993,02;9,8806;1;80.11-1/01;2025
2.996,07;9,8928;1;80.11-1/01;2025
2.999,11;9,8928;1;80.11-1/01;2025
3.002,15;9,9834;1;80.11-1/01;2025
3.005,19;9,9875;1;80.11-1/01;2025
3.008,23;9,9957;1;80.11-1/01;2025
3.011,27;10,0293;1;80.11-1/01;2025
3.014,31;10,1068;1;80.11-1/01;2025
3.017,35;10,1925;1;80.11-1/01;2025
3.020,39;10,2291;1;80.11-1/01;2025
3.023,43;10,3082;1;80.11-1/01;2025
3.026,48;10,3226;1;80.11-1/01;2025
3.029,52;10,3448;1;80.11-1/01;2025
3.032,56;10,3493;1;80.11-1/01;2025
3.035,60;10,3538;1;80.11-1/01;2025
3.038,64;10,4484;1;80.11-1/01;2025
3.041,68;10,5217;1;80.11-1/01;2025
3.044,72;10,5425;1;80.11-1/01;2025
3.047,76;10,643;1;80.11-1/01;2025
3.050,80;10,7239;1;80.11-1/01;2025
3.053,84;10,7995;1;80.11-1/01;2025
3.056,89;10,8059;1;80.11-1/01;2025
3.059,93;10,8108;2;80.11-1/01;2025
3.066,01;10,8401;1;80.11-1/01;2025
3.069,05;10,8499;1;80.11-1/01;2025
3.072,09;10,8532;1;80.11-1/01;2025
3.075,13;10,8696;1;80.11-1/01;2025
3.078,17;10,8942;1;80.11-1/01;2025
3.081,21;10,9349;1;80.11-1/01;2025
3.084,25;10,9389;1;80.11-1/01;2025
3.087,30;11,0795;1;80.11-1/01;2025
3.090,34;11,106;1;80.11-1/01;2025
3.093,38;11,2003;1;80.11-1/01;2025
3.096,42;11,2029;1;80.11-1/01;2025
3.099,46;11,2219;1;80.11-1/01;2025
3.102,50;11,3933;1;80.11-1/01;2025
3.105,54;11,4014;1;80.11-1/01;2025
3.108,58;11,5718;1;80.11-1/01;2025
3.111,62;11,611;1;80.11-1/01;2025
3.114,66;11,6505;1;80.11-1/01;2025
3.117,70;11,7212;1;80.11-1/01;2025
3.120,75;11,8343;1;80.11-1/01;2025
3.123,79;11,8519;1;80.11-1/01;2025
3.126,83;11,8989;1;80.11-1/01;2025
3.129,87;12,024;1;80.11-1/01;2025
3.132,91;12,0836;1;80.11-1/01;2025
3.135,95;12,0998;1;80.11-1/01;2025
3.138,99;12,1437;1;80.11-1/01;2025
3.142,03;12,2324;1;80.11-1/01;2025
3.145,07;12,2387;1;80.11-1/01;2025
3.148,11;12,487;1;80.11-1/01;2025
3.151,16;12,5414;1;80.11-1/01;2025
3.154,20;12,5523;1;80.11-1/01;2025
3.157,24;12,5589;1;80.11-1/01;2025
3.160,28;12,6117;1;80.11-1/01;2025
3.163,32;12,7119;1;80.11-1/01;2025
3.166,36;12,9199;1;80.11-1/01;2025
3.169,40;12,994;1;80.11-1/01;2025
3.172,44;13,3001;1;80.11-1/01;2025
3.175,48;13,3172;1;80.11-1/01;2025
3.178,52;13,321;1;80.11-1/01;2025
3.181,57;13,4003;1;80.11-1/01;2025
3.184,61;13,465;1;80.11-1/01;2025
3.187,65;13,4907;1;80.11-1/01;2025
3.190,69;13,5242;1;80.11-1/01;2025
3.193,73;13,5313;1;80.11-1/01;2025
3.196,77;13,567;1;80.11-1/01;2025
3.199,81;13,5823;1;80.11-1/01;2025
3.202,85;13,5849;1;80.11-1/01;2025
3.205,89;13,59;1;80.11-1/01;2025
3.208,93;13,6861;1;80.11-1/01;2025
3.211,98;13,6908;1;80.11-1/01;2025
3.215,02;13,7206;1;80.11-1/01;2025
3.218,06;13,73;1;80.11-1/01;2025
3.221,10;13,7536;1;80.11-1/01;2025
3.224,14;13,8728;2;80.11-1/01;2025
3.230,22;13,907;1;80.11-1/01;2025
3.233,26;14,1426;1;80.11-1/01;2025
3.236,30;14,2659;1;80.11-1/01;2025
3.239,34;14,3113;1;80.11-1/01;2025
3.242,39;14,4578;1;80.11-1/01;2025
3.245,43;14,4928;1;80.11-1/01;2025
3.248,47;14,5455;1;80.11-1/01;2025
3.251,51;14,8057;1;80.11-1/01;2025
3.254,55;14,8918;1;80.11-1/01;2025
3.257,59;14,9254;1;80.11-1/01;2025
3.260,63;15,0565;1;80.11-1/01;2025
3.263,67;15,1515;1;80.11-1/01;2025
3.266,71;15,1899;1;80.11-1/01;2025
3.269,75;15,2478;1;80.11-1/01;2025
3.272,80;15,2964;1;80.11-1/01;2025
3.275,84;15,4939;1;80.11-1/01;2025
3.278,88;15,5844;1;80.11-1/01;2025
3.281,92;15,6413;1;80.11-1/01;2025
3.284,96;15,6454;1;80.11-1/01;2025
3.288,00;15,8311;1;80.11-1/01;2025
3.291,04;15,9151;1;80.11-1/01;2025
3.294,08;15,9985;1;80.11-1/01;2025
3.297,12;16,0321;1;80.11-1/01;2025
3.300,16;16,2053;1;80.11-1/01;2025
3.303,20;16,2437;1;80.11-1/01;2025
3.306,25;16,2501;1;80.11-1/01;2025
3.309,29;16,2933;1;80.11-1/01;2025
3.312,33;16,3711;1;80.11-1/01;2025
3.315,37;16,4215;1;80.11-1/01;2025
3.318,41;16,4496;1;80.11-1/01;2025
3.321,45;16,7715;1;80.11-1/01;2025
3.324,49;16,8658;1;80.11-1/01;2025
3.327,53;16,9014;1;80.11-1/01;2025
3.330,57;16,9074;1;80.11-1/01;2025
3.333,61;17,0092;1;80.11-1/01;2025
3.336,66;17,094;1;80.11-1/01;2025
3.339,70;17,1062;1;80.11-1/01;2025
3.342,74;17,2786;1;80.11-1/01;2025
3.345,78;17,3913;1;80.11-1/01;2025
3.348,82;17,5012;1;80.11-1/01;2025
3.351,86;17,5055;1;80.11-1/01;2025
3.354,90;17,5567;1;80.11-1/01;2025
3.357,94;17,6471;1;80.11-1/01;2025
3.360,98;17,6861;1;80.11-1/01;2025
3.364,02;17,7778;1;80.11-1/01;2025
3.367,07;17,9843;1;80.11-1/01;2025
3.370,11;18,0587;2;80.11-1/01;2025
3.376,19;18,2232;1;80.11-1/01;2025
3.379,23;18,4758;1;80.11-1/01;2025
3.382,27;18,5042;1;80.11-1/01;2025
3.385,31;18,9573;1;80.11-1/01;2025
3.388,35;19,0931;1;80.11-1/01;2025
3.391,39;19,2462;1;80.11-1/01;2025
3.394,43;19,3237;1;80.11-1/01;2025
3.397,48;19,4726;1;80.11-1/01;2025
3.400,52;19,6399;1;80.11-1/01;2025
3.403,56;19,6883;1;80.11-1/01;2025
3.406,60;19,884;1;80.11-1/01;2025
3.409,64;19,917;1;80.11-1/01;2025
3.412,68;20,185;1;80.11-1/01;2025
3.415,72;20,6363;1;80.11-1/01;2025
3.418,76;20,7075;1;80.11-1/01;2025
3.421,80;20,979;1;80.11-1/01;2025
3.424,84;21,025;1;80.11-1/01;2025
3.427,89;21,0342;1;80.11-1/01;2025
3.430,93;21,1082;1;80.11-1/01;2025
3.433,97;21,2014;1;80.11-1/01;2025
3.437,01;21,2389;1;80.11-1/01;2025
3.440,05;21,3144;1;80.11-1/01;2025
3.443,09;21,5827;1;80.11-1/01;2025
3.446,13;21,6022;1;80.11-1/01;2025
3.449,17;21,8281;1;80.11-1/01;2025
3.452,21;21,9378;1;80.11-1/01;2025
3.455,25;22,1351;1;80.11-1/01;2025
3.458,30;22,2017;2;80.11-1/01;2025
3.464,38;22,4719;1;80.11-1/01;2025
3.467,42;22,5141;1;80.11-1/01;2025
3.470,46;22,6095;1;80.11-1/01;2025
3.473,50;22,6202;1;80.11-1/01;2025
3.476,54;22,7058;1;80.11-1/01;2025
3.479,58;22,8354;1;80.11-1/01;2025
3.482,62;22,8862;1;80.11-1/01;2025
3.485,66;22,9446;1;80.11-1/01;2025
3.488,70;23,0769;1;80.11-1/01;2025
3.491,75;23,2108;1;80.11-1/01;2025
3.494,79;23,3236;1;80.11-1/01;2025
3.497,83;23,4146;3;80.11-1/01;2025
3.506,95;23,5703;1;80.11-1/01;2025
3.509,99;23,6686;1;80.11-1/01;2025
3.513,03;23,692;1;80.11-1/01;2025
3.516,07;24,1287;1;80.11-1/01;2025
3.519,11;24,1449;1;80.11-1/01;2025
3.522,16;24,3902;1;80.11-1/01;2025
3.525,20;24,565;1;80.11-1/01;2025
3.528,24;24,6407;1;80.11-1/01;2025
3.531,28;24,8447;2;80.11-1/01;2025
3.537,36;25;1;80.11-1/01;2025
3.540,40;25,1836;1;80.11-1/01;2025
3.543,44;25,2035;1;80.11-1/01;2025
3.546,48;25,3432;1;80.11-1/01;2025
3.549,52;25,7235;1;80.11-1/01;2025
3.552,57;25,7787;1;80.11-1/01;2025
3.555,61;25,8065;1;80.11-1/01;2025
3.558,65;25,96;1;80.11-1/01;2025
3.561,69;25,974;1;80.11-1/01;2025
3.564,73;26,0241;1;80.11-1/01;2025
3.567,77;26,2295;1;80.11-1/01;2025
3.570,81;26,3736;1;80.11-1/01;2025
3.573,85;26,4901;1;80.11-1/01;2025
3.576,89;26,7062;1;80.11-1/01;2025
3.579,93;26,8456;1;80.11-1/01;2025
3.582,98;27,2727;1;80.11-1/01;2025
3.586,02;27,5545;1;80.11-1/01;2025
3.589,06;27,618;1;80.11-1/01;2025
3.592,10;27,6976;1;80.11-1/01;2025
3.595,14;27,81;1;80.11-1/01;2025
3.598,18;27,907;2;80.11-1/01;2025
3.604,26;27,972;1;80.11-1/01;2025
3.607,30;28,4698;1;80.11-1/01;2025
3.610,34;29,0206;1;80.11-1/01;2025
3.613,39;29,0909;1;80.11-1/01;2025
3.616,43;29,1971;1;80.11-1/01;2025
3.619,47;29,3758;1;80.11-1/01;2025
3.622,51;29,6296;1;80.11-1/01;2025
3.625,55;30,3797;1;80.11-1/01;2025
3.628,59;30,4569;1;80.11-1/01;2025
3.631,63;30,6122;1;80.11-1/01;2025
3.634,67;30,6905;1;80.11-1/01;2025
3.637,71;31,3521;1;80.11-1/01;2025
3.640,75;31,3999;1;80.11-1/01;2025
3.643,80;32,0856;1;80.11-1/01;2025
3.646,84;32,1716;1;80.11-1/01;2025
3.649,88;32,3887;1;80.11-1/01;2025
3.652,92;33,0124;1;80.11-1/01;2025
3.655,96;35,5819;1;80.11-1/01;2025
3.659,00;35,8744;2;80.11-1/01;2025
3.665,08;36,0902;1;80.11-1/01;2025
3.668,12;36,2538;1;80.11-1/01;2025
3.671,16;36,4465;1;80.11-1/01;2025
3.674,20;36,6412;1;80.11-1/01;2025
3.677,25;36,8239;1;80.11-1/01;2025
3.680,29;36,9231;1;80.11-1/01;2025
3.683,33;37,037;1;80.11-1/01;2025
3.686,37;37,2382;1;80.11-1/01;2025
3.689,41;37,6176;3;80.11-1/01;2025
3.698,53;38,5852;1;80.11-1/01;2025
3.701,57;38,7097;1;80.11-1/01;2025
3.704,61;38,961;1;80.11-1/01;2025
3.707,66;39,0879;1;80.11-1/01;2025
3.710,70;40,747;2;80.11-1/01;2025
3.716,78;41,5945;1;80.11-1/01;2025
3.719,82;41,6667;1;80.11-1/01;2025
3.722,86;41,958;1;80.11-1/01;2025
3.725,90;42,1053;1;80.11-1/01;2025
3.728,94;42,5742;1;80.11-1/01;2025
3.731,98;42,6288;2;80.11-1/01;2025
3.738,07;42,7046;1;80.11-1/01;2025
3.741,11;43,088;1;80.11-1/01;2025
3.744,15;44,1989;1;80.11-1/01;2025
3.747,19;44,3623;1;80.11-1/01;2025
3.750,23;44,5269;1;80.11-1/01;2025
3.753,27;44,8598;1;80.11-1/01;2025
3.756,31;46,9667;1;80.11-1/01;2025
3.759,35;47,4308;1;80.11-1/01;2025
3.762,39;47,619;1;80.11-1/01;2025
3.765,43;47,8088;1;80.11-1/01;2025
3.768,48;48,4359;1;80.11-1/01;2025
3.771,52;49,7925;1;80.11-1/01;2025
3.774,56;50;2;80.11-1/01;2025
3.780,64;50,3145;1;80.11-1/01;2025
3.783,68;50,74;2;80.11-1/01;2025
3.789,76;51,6685;1;80.11-1/01;2025
3.792,80;51,7613;1;80.11-1/01;2025
3.795,84;51,8359;1;80.11-1/01;2025
3.798,89;52,0607;1;80.11-1/01;2025
3.801,93;52,1739;1;80.11-1/01;2025
3.804,97;53,4521;1;80.11-1/01;2025
3.808,01;54,5455;1;80.11-1/01;2025
3.811,05;54,6697;1;80.11-1/01;2025
3.814,09;55,814;1;80.11-1/01;2025
3.817,13;56,1404;1;80.11-1/01;2025
3.820,17;56,6412;1;80.11-1/01;2025
3.823,21;57,8313;1;80.11-1/01;2025
3.826,25;58,2524;1;80.11-1/01;2025
3.829,30;58,5366;1;80.11-1/01;2025
3.832,34;60,1504;1;80.11-1/01;2025
3.835,38;62,3377;1;80.11-1/01;2025
3.838,42;62,8272;1;80.11-1/01;2025
3.841,46;63,6605;1;80.11-1/01;2025
3.844,50;64;1;80.11-1/01;2025
3.847,54;65,2174;1;80.11-1/01;2025
3.850,58;67,6692;1;80.11-1/01;2025
3.853,62;68,1818;2;80.11-1/01;2025
3.859,70;68,9655;1;80.11-1/01;2025
3.862,75;69,1643;1;80.11-1/01;2025
3.865,79;71,6418;1;80.11-1/01;2025
3.868,83;74,3034;1;80.11-1/01;2025
3.871,87;76,6773;1;80.11-1/01;2025
3.874,91;78,9474;1;80.11-1/01;2025
3.877,95;81,9113;1;80.11-1/01;2025
3.880,99;82,1918;1;80.11-1/01;2025
3.884,03;82,7586;1;80.11-1/01;2025
3.887,07;83,045;1;80.11-1/01;2025
3.890,11;87,9121;1;80.11-1/01;2025
3.893,16;89,5522;1;80.11-1/01;2025
3.896,20;89,8876;1;80.11-1/01;2025
3.899,24;93,0233;1;80.11-1/01;2025
3.902,28;93,75;1;80.11-1/01;2025
3.905,32;94,1176;1;80.11-1/01;2025
3.908,36;95,2381;1;80.11-1/01;2025
3.911,40;100;1;80.11-1/01;2025
3.914,44;100,4184;1;80.11-1/01;2025
3.917,48;102,5641;2;80.11-1/01;2025
3.923,57;103,0043;1;80.11-1/01;2025
3.926,61;105,2632;1;80.11-1/01;2025
3.929,65;106,1947;1;80.11-1/01;2025
3.932,69;106,6667;1;80.11-1/01;2025
3.935,73;107,1429;1;80.11-1/01;2025
3.938,77;110,0917;1;80.11-1/01;2025
3.941,81;113,7441;1;80.11-1/01;2025
3.944,85;115,3846;2;80.11-1/01;2025
3.950,93;125;1;80.11-1/01;2025
3.953,98;126,9841;1;80.11-1/01;2025
3.957,02;127,6596;1;80.11-1/01;2025
3.960,06;142,8571;1;80.11-1/01;2025
3.963,10;146,3415;1;80.11-1/01;2025
3.966,14;155,8442;1;80.11-1/01;2025
3.969,18;173,913;1;80.11-1/01;2025
3.972,22;176,4706;1;80.11-1/01;2025
3.975,26;177,7778;1;80.11-1/01;2025
3.978,30;183,2061;1;80.11-1/01;2025
3.981,34;187,9896;1;80.11-1/01;2025
3.984,39;195,122;1;80.11-1/01;2025
3.987,43;196,7213;1;80.11-1/01;2025
3.990,47;198,3471;1;80.11-1/01;2025
3.993,51;212,3894;1;80.11-1/01;2025
3.996,55;216,2162;1;80.11-1/01;2025
3.999,59;244,898;1;80.11-1/01;2025
4.002,63;250;1;80.11-1/01;2025
4.005,67;269,6629;1;80.11-1/01;2025
4.008,71;285,7143;1;80.11-1/01;2025
4.011,75;303,7975;1;80.11-1/01;2025
4.014,80;328,7671;1;80.11-1/01;2025
4.017,84;448,5981;1;80.11-1/01;2025
4.020,88;500;1;80.11-1/01;2025
4.023,92;533,3333;1;80.11-1/01;2025
4.026,96;571,4286;1;80.11-1/01;2025
4.030,00;1.000,00;1;80.11-1/01;2025
